twitter_id,is_1,is_2,is_3
66412773,0,0,1
10143902,0,0,1
73701917,0,0,1
82209363,0,0,1
47063951,0,0,1
135356953,0,0,1
51119725,0,0,1
20161265,0,0,1
20531501,1,0,0
2465042894,1,0,0
126769653,0,0,1
1393430989,1,0,0
2727183168,1,0,0
456714127,0,1,0
712837309,0,1,0
3016396175,0,1,0
962185548,1,0,0
476090138,1,0,0
820359624,1,0,0
119573305,0,0,1
261929028,1,0,0
1618356541,1,0,0
484495548,0,1,0
130406943,0,0,1
357859404,1,0,0
111898474,0,0,1
526665169,0,0,1
1662361148,0,0,1
370845108,0,1,0
384011936,1,0,0
222238048,0,0,1
340412903,1,0,0
462482997,1,0,0
569003646,1,0,0
1217254735,1,0,0
202096516,0,0,1
966700352,0,0,1
3185259214,0,0,1
1853952540,1,0,0
709476251,0,0,1
217780575,1,0,0
191339645,0,1,0
1487655714,0,1,0
353141144,1,0,0
17204771,0,0,1
450956775,0,0,1
1407880981,1,0,0
191955710,0,0,1
195117996,0,0,1
66751787,0,1,0
1033333297,0,1,0
499310719,0,0,1
549463357,0,0,1
1976723557,0,0,1
78464426,0,0,1
936853393,0,1,0
61244521,1,0,0
2522990658,0,0,1
2957932778,0,0,1
34787655,1,0,0
2586924908,1,0,0
2403341930,0,1,0
37658088,0,0,1
311035602,1,0,0
18309786,1,0,0
53924593,1,0,0
602890613,0,0,1
992005778,1,0,0
287577288,1,0,0
385847731,1,0,0
1895931829,0,1,0
2389371254,0,0,1
496239334,1,0,0
2442850013,0,0,1
475657304,0,0,1
377065146,0,0,1
2953090182,0,0,1
1902735248,0,1,0
53650506,0,0,1
40173215,0,0,1
2786429218,1,0,0
381825494,0,1,0
19147861,0,0,1
2849458701,0,1,0
248111263,0,1,0
1315631665,0,0,1
122595857,0,0,1
180550874,1,0,0
224406950,0,0,1
299381830,0,1,0
18970051,0,0,1
380159489,1,0,0
20298015,1,0,0
1255591051,0,0,1
1020219913,1,0,0
58926775,0,1,0
97010081,0,0,1
20026872,0,0,1
354895660,0,0,1
280597488,1,0,0
26881302,0,0,1
295833693,0,0,1
278856833,1,0,0
339501173,0,0,1
2940983049,1,0,0
253020833,1,0,0
60395722,0,0,1
259920696,0,1,0
43347799,0,0,1
20322889,0,0,1
186882652,0,1,0
809839152,0,0,1
555412241,0,0,1
47693788,0,0,1
246357598,0,0,1
165751179,0,0,1
1334247205,0,0,1
337271239,0,0,1
237196241,1,0,0
160372377,0,1,0
41259253,1,0,0
2309360906,1,0,0
1670648689,1,0,0
221908076,1,0,0
1353417337,1,0,0
374667839,0,0,1
23699343,0,0,1
25740301,1,0,0
30556588,1,0,0
307810793,1,0,0
21701028,1,0,0
848443464,0,1,0
188138772,1,0,0
30477710,1,0,0
824035921,1,0,0
2342699915,0,0,1
174239020,0,0,1
1491049092,0,0,1
51290261,1,0,0
235238817,0,0,1
211696916,0,1,0
398999752,1,0,0
38064446,1,0,0
112002565,0,0,1
414224404,1,0,0
2874262145,0,0,1
798955518,0,1,0
2391442333,1,0,0
1302034190,0,0,1
510533756,0,0,1
36982392,0,0,1
314269979,0,0,1
34650076,0,0,1
160282392,0,0,1
117629332,0,1,0
153666144,1,0,0
19754494,1,0,0
18024188,1,0,0
143387685,0,0,1
466771358,0,0,1
210793434,0,1,0
2590111633,0,0,1
165910431,0,0,1
40941722,0,1,0
2185251601,1,0,0
36844002,0,0,1
2375568110,1,0,0
62114527,0,1,0
238657704,0,0,1
10915772,1,0,0
63503047,0,0,1
48763525,1,0,0
1953123500,0,1,0
2644591095,1,0,0
84344062,0,0,1
1056883712,0,0,1
2327413937,0,0,1
789412022,0,1,0
235137917,1,0,0
55616026,1,0,0
331967920,0,0,1
263866247,0,1,0
888514830,0,0,1
537826201,1,0,0
45139757,1,0,0
280250493,1,0,0
16091439,1,0,0
1327664179,1,0,0
1349166624,0,0,1
365843842,1,0,0
565761996,1,0,0
1631842118,0,0,1
249976669,1,0,0
89840062,0,0,1
619305671,0,0,1
573855532,1,0,0
177679962,0,0,1
950681646,1,0,0
40323095,1,0,0
288665518,0,0,1
40343634,0,1,0
20304012,1,0,0
435376929,0,0,1
926645568,0,1,0
2363576037,1,0,0
195285547,1,0,0
739862106,0,0,1
735432703,0,0,1
1144075910,0,1,0
407062876,1,0,0
22466072,0,0,1
222645578,0,0,1
536561728,1,0,0
28233691,1,0,0
1928154026,0,1,0
15531337,0,0,1
14093473,1,0,0
54629223,1,0,0
156861539,1,0,0
191143901,0,0,1
19450634,1,0,0
455103263,0,0,1
10745962,0,0,1
35622412,1,0,0
27642737,1,0,0
318081821,1,0,0
259521523,1,0,0
29689210,0,1,0
2946021189,0,1,0
459378827,0,0,1
2286639252,1,0,0
105041111,1,0,0
1501012404,1,0,0
2371699810,0,0,1
75811104,1,0,0
52107311,0,0,1
328586354,0,1,0
174608117,0,0,1
23608153,0,0,1
59122970,0,1,0
915658399,1,0,0
20692739,1,0,0
311728849,0,0,1
34527871,0,0,1
1328599884,0,0,1
276693234,0,0,1
193291010,0,0,1
393684242,0,1,0
2490317347,0,1,0
281467473,0,0,1
3340413093,0,0,1
17689298,0,1,0
155666150,0,0,1
11830192,0,0,1
2430497664,0,0,1
94283392,0,0,1
253024259,1,0,0
1125887664,0,0,1
2495181,0,0,1
45003022,0,0,1
802227895,0,0,1
1250099659,1,0,0
1411143439,1,0,0
542050539,0,0,1
1363156813,0,0,1
217710279,0,0,1
1465188306,0,0,1
313987105,0,0,1
19517003,1,0,0
1491317191,0,0,1
2396358626,1,0,0
284192342,0,0,1
501339675,1,0,0
157750215,1,0,0
83723191,0,0,1
130342944,0,1,0
151126157,1,0,0
98485795,1,0,0
224728547,1,0,0
554533146,1,0,0
883217804,1,0,0
223932084,0,0,1
2957836673,1,0,0
3188707103,1,0,0
210599986,0,0,1
552837584,0,0,1
323944705,1,0,0
42009429,1,0,0
1721538709,1,0,0
1558509600,0,0,1
635908915,0,0,1
59165310,1,0,0
14582712,1,0,0
1264069640,0,0,1
237009579,0,0,1
52225551,0,1,0
316168603,0,0,1
14861735,1,0,0
399619452,0,1,0
309415418,1,0,0
1581812540,1,0,0
2601600669,1,0,0
1595133138,1,0,0
177429999,0,0,1
2369424066,1,0,0
372576490,0,0,1
19827793,0,1,0
117269062,0,1,0
142870277,1,0,0
30329599,1,0,0
331892138,0,1,0
25914859,0,0,1
485777142,0,1,0
756846068,0,0,1
1123686422,1,0,0
339028595,0,0,1
2621966667,1,0,0
290854588,0,0,1
851441154,0,0,1
199668563,0,0,1
1107636889,0,1,0
393470460,0,0,1
316468883,0,0,1
1332217182,1,0,0
1629048955,1,0,0
342829717,0,0,1
429202775,0,0,1
538987818,0,0,1
1442129521,0,0,1
107171621,1,0,0
2874257070,0,0,1
284853437,1,0,0
20097058,0,1,0
483421372,1,0,0
855397424,1,0,0
398006007,1,0,0
1477121935,1,0,0
21291186,0,1,0
353299589,0,0,1
76377195,0,0,1
140052572,1,0,0
93687280,1,0,0
1380649531,1,0,0
1118407614,0,0,1
502207762,0,0,1
966553189,0,0,1
524917053,0,1,0
261898633,0,0,1
423979771,0,0,1
514370407,0,0,1
176171348,0,0,1
39997898,1,0,0
344392326,1,0,0
102965181,0,0,1
110455733,1,0,0
846138907,1,0,0
56167870,0,1,0
52398440,1,0,0
1300729964,1,0,0
150062352,1,0,0
2466779228,1,0,0
359826305,1,0,0
589530443,1,0,0
414455827,0,0,1
37187883,0,1,0
2284455844,0,1,0
1563479898,0,0,1
627427445,0,0,1
1882113781,0,0,1
1247549456,1,0,0
116885120,1,0,0
89967255,0,0,1
858918102,0,0,1
3033684652,0,0,1
2916467264,1,0,0
263371799,0,0,1
835110427,0,0,1
915917292,1,0,0
1005865202,0,0,1
348125300,0,1,0
2861565705,1,0,0
36115626,1,0,0
465240602,1,0,0
101534584,0,0,1
577373486,1,0,0
1344681212,0,0,1
23245113,0,0,1
96180350,1,0,0
138755850,0,1,0
412654082,0,1,0
188521482,0,0,1
967349527,0,0,1
327225405,0,1,0
716707408,0,0,1
1562187475,1,0,0
108371105,0,0,1
260593749,1,0,0
3306573460,1,0,0
182308116,0,1,0
1282878228,0,0,1
204585700,1,0,0
300846076,1,0,0
476195402,0,0,1
796826186,0,0,1
256772595,0,1,0
198274207,0,0,1
705120072,0,0,1
1541501785,0,0,1
28858002,1,0,0
304556637,0,1,0
2424161424,1,0,0
1419577808,1,0,0
580125461,1,0,0
2730345781,1,0,0
16005149,0,0,1
50521428,0,0,1
24658891,1,0,0
445038802,1,0,0
465930178,0,0,1
573867707,1,0,0
109870169,0,1,0
44203488,0,0,1
985058725,1,0,0
38702114,0,0,1
128116449,0,0,1
808022743,0,0,1
555862602,1,0,0
1090355630,1,0,0
43016945,0,0,1
77244813,0,0,1
20730066,1,0,0
171737156,1,0,0
180040509,0,0,1
2296043326,1,0,0
473317691,0,0,1
16008351,0,0,1
42559928,0,1,0
126369920,1,0,0
494472957,1,0,0
807760225,0,1,0
146146014,1,0,0
224504423,0,1,0
347084580,1,0,0
46126490,1,0,0
525526661,0,0,1
989692580,0,1,0
223289471,0,1,0
440406253,1,0,0
54108051,0,0,1
257998949,0,0,1
805159392,1,0,0
29020750,0,0,1
249815587,0,0,1
561912294,0,0,1
31058285,0,0,1
200023017,0,1,0
1053478178,1,0,0
2254765281,0,0,1
1102193216,0,0,1
3137984004,1,0,0
331859067,0,1,0
1250544943,0,0,1
19139117,1,0,0
372625621,1,0,0
435180101,1,0,0
91778558,1,0,0
365167352,1,0,0
2326433528,1,0,0
15619671,0,1,0
415601256,1,0,0
65123645,0,1,0
517846846,0,0,1
1363315507,1,0,0
489555502,1,0,0
588537769,0,1,0
37838688,0,0,1
1436144858,0,0,1
533744313,1,0,0
271304338,0,1,0
472302562,0,0,1
479721068,0,0,1
255280389,0,0,1
593528985,1,0,0
20906886,1,0,0
929979638,0,0,1
471132579,0,0,1
20088692,0,0,1
708829428,0,0,1
322962900,0,1,0
88411093,1,0,0
178475423,1,0,0
961303651,0,1,0
48460045,0,0,1
823764288,0,0,1
72315323,0,1,0
303421901,0,0,1
3100903261,1,0,0
125195885,1,0,0
2398324112,1,0,0
2590003398,1,0,0
272962226,1,0,0
58897297,0,0,1
290049426,0,0,1
2333442944,1,0,0
19286926,1,0,0
14869826,0,0,1
221907129,1,0,0
704809388,0,0,1
49270410,0,1,0
1328158340,1,0,0
36212060,1,0,0
16894839,1,0,0
749898314,0,0,1
32837292,0,1,0
183228080,0,0,1
165500690,1,0,0
3319335586,1,0,0
320971470,0,1,0
39555442,1,0,0
3153057299,1,0,0
21367802,1,0,0
46382476,0,1,0
30747423,0,0,1
178776960,0,0,1
772230133,1,0,0
399639840,0,0,1
167068615,1,0,0
159531866,0,0,1
402358941,0,0,1
217470546,0,1,0
20062529,0,0,1
51235159,0,0,1
591547589,0,0,1
443100307,0,0,1
111497239,1,0,0
341112483,0,1,0
1317219553,1,0,0
134616474,1,0,0
457889377,1,0,0
2408760458,1,0,0
217249511,0,0,1
32511397,1,0,0
741478304,0,0,1
100065506,1,0,0
1316831593,1,0,0
489178088,0,0,1
928622886,0,0,1
2925348318,1,0,0
18693359,1,0,0
2418398142,1,0,0
905453365,0,1,0
350819487,0,1,0
366265241,1,0,0
3164553799,1,0,0
22891868,1,0,0
1096123362,0,0,1
2971912359,0,0,1
718570404,0,0,1
932686525,1,0,0
235832262,1,0,0
12835822,0,0,1
213009652,1,0,0
1249960994,0,0,1
138611787,0,1,0
15224156,0,0,1
396875760,0,1,0
245152533,0,1,0
125491915,0,1,0
61994184,0,1,0
43373894,1,0,0
263684076,0,1,0
3053446514,0,1,0
352028301,0,1,0
459081291,0,0,1
48551298,1,0,0
2316222788,1,0,0
133672836,0,0,1
371478069,1,0,0
265586247,0,1,0
574684873,0,0,1
98044144,1,0,0
22025816,1,0,0
3343451230,1,0,0
3192719571,0,1,0
262065799,1,0,0
1320349920,0,0,1
190289858,1,0,0
40517345,0,0,1
992001062,1,0,0
316242534,0,0,1
183528992,1,0,0
1811257152,1,0,0
120929132,0,0,1
51021090,1,0,0
176723652,1,0,0
2361378336,0,1,0
54810127,1,0,0
1046767220,0,1,0
246663427,0,1,0
28814156,1,0,0
2238374323,1,0,0
2281311734,0,1,0
32303250,0,0,1
492828575,0,0,1
33178791,1,0,0
513541968,1,0,0
919295707,0,0,1
1087433442,1,0,0
170574670,1,0,0
1518913459,1,0,0
186173650,1,0,0
519021276,0,1,0
71897645,1,0,0
1152959054,1,0,0
285808225,0,0,1
2667315482,0,0,1
119847582,0,0,1
522923106,0,0,1
1377786950,0,0,1
52440318,1,0,0
321619369,1,0,0
47451189,0,0,1
480817362,0,0,1
767895355,0,0,1
20110270,0,1,0
374565028,0,1,0
123061044,0,1,0
276787965,0,0,1
948819301,1,0,0
133522543,0,1,0
3127741758,1,0,0
3152422488,0,0,1
26442759,0,0,1
1134877046,0,0,1
309583910,0,0,1
1216294747,0,0,1
19172137,1,0,0
270881051,0,1,0
550797672,0,1,0
224287608,0,0,1
16688021,0,0,1
73537269,1,0,0
2909664815,0,1,0
1526600910,0,0,1
925452246,1,0,0
3010467324,1,0,0
143050284,1,0,0
109839925,1,0,0
922494306,0,0,1
408578883,0,0,1
175210441,0,0,1
44194158,0,1,0
172362957,0,0,1
2350510940,0,0,1
307102676,1,0,0
742481118,0,1,0
381995739,1,0,0
543627034,1,0,0
1095862350,0,0,1
40716378,0,0,1
2328806302,1,0,0
615561144,1,0,0
1063190647,0,1,0
1132487089,0,1,0
507561697,0,1,0
421293514,0,0,1
476795494,0,1,0
2409813770,1,0,0
558325783,0,1,0
113806516,0,1,0
712741041,1,0,0
226797407,0,0,1
268848629,1,0,0
2719003737,0,0,1
382455942,1,0,0
327550268,1,0,0
2705933731,1,0,0
62136373,0,1,0
258094262,0,0,1
433801901,1,0,0
331133916,0,0,1
1524343153,0,0,1
91977178,0,0,1
130925584,0,0,1
25144715,0,0,1
2466220089,1,0,0
564352588,1,0,0
2393262578,1,0,0
491197150,1,0,0
1271100788,1,0,0
16674149,0,0,1
806248621,0,0,1
1403202007,0,0,1
521193127,1,0,0
32378264,1,0,0
2258257733,1,0,0
946477500,0,0,1
50315522,1,0,0
24565020,1,0,0
59309453,0,0,1
293083033,1,0,0
194741616,1,0,0
34870831,1,0,0
17058000,1,0,0
235668008,0,0,1
539198054,1,0,0
31133395,1,0,0
59445128,1,0,0
147740348,0,1,0
553815430,0,0,1
66598914,0,0,1
161993634,1,0,0
579010940,1,0,0
428379954,1,0,0
22300285,1,0,0
18314947,0,0,1
198212054,0,1,0
1360807669,0,0,1
92328458,1,0,0
403627971,0,0,1
172873723,1,0,0
373462891,1,0,0
280792197,1,0,0
26693380,1,0,0
507859382,0,0,1
16191564,0,0,1
493304094,0,0,1
345558337,1,0,0
25615466,0,0,1
194874897,0,0,1
258318218,0,0,1
1030972585,0,0,1
342327664,1,0,0
2246145561,0,1,0
62563265,1,0,0
36772146,1,0,0
1483787144,1,0,0
1249801890,0,0,1
387257715,0,0,1
2334757257,1,0,0
581195808,1,0,0
787643292,0,0,1
777741866,0,0,1
2421359330,1,0,0
351976766,0,1,0
402221422,0,0,1
94883750,1,0,0
213881182,1,0,0
2316478040,0,1,0
363923466,0,0,1
359339958,0,0,1
3041494351,1,0,0
24725843,0,1,0
339976193,1,0,0
707527904,0,1,0
972967470,1,0,0
428758540,0,0,1
105219754,1,0,0
1205602513,0,1,0
516978358,0,1,0
2618774098,1,0,0
594614003,1,0,0
1124597624,0,0,1
564731164,0,1,0
98463548,0,0,1
64220143,0,0,1
85377605,1,0,0
536922874,0,0,1
509055904,1,0,0
373736941,0,0,1
419752914,1,0,0
1928312131,0,0,1
385675536,0,0,1
116301507,0,0,1
20163586,0,0,1
540134723,1,0,0
295935540,0,0,1
475260060,0,0,1
2214354998,0,1,0
985324770,0,1,0
293718561,1,0,0
438833862,1,0,0
712049306,1,0,0
270329409,0,0,1
18317127,0,0,1
401691140,0,0,1
607983922,0,0,1
585830550,1,0,0
94854001,0,1,0
422959044,1,0,0
217173372,1,0,0
705921049,1,0,0
534642936,1,0,0
2632619469,1,0,0
1018140984,0,0,1
1055509945,1,0,0
18654905,0,0,1
3537160156,1,0,0
17281403,0,1,0
2402828421,0,0,1
17842695,1,0,0
2949518928,1,0,0
1979281362,0,0,1
1470923372,1,0,0
28065040,0,0,1
149454453,1,0,0
35555545,1,0,0
417830743,1,0,0
2507269303,0,0,1
38435068,0,1,0
106854508,0,0,1
194977542,0,0,1
284068557,1,0,0
37898998,1,0,0
204114473,1,0,0
17093734,0,0,1
277962367,0,0,1
12650302,1,0,0
165009253,1,0,0
38899335,1,0,0
624081542,0,1,0
373950745,1,0,0
188648156,1,0,0
54763343,0,0,1
102504031,1,0,0
461383707,0,0,1
22672770,1,0,0
290460723,0,0,1
3053126983,0,1,0
24537223,0,0,1
25532685,0,0,1
620724674,1,0,0
310345969,0,1,0
119514669,0,1,0
21499217,1,0,0
619855595,0,0,1
228170624,0,1,0
2865829736,0,1,0
1858687658,1,0,0
2537457197,0,1,0
2518532118,1,0,0
2411634672,0,0,1
2277741131,1,0,0
22918812,0,1,0
17457155,1,0,0
49470496,0,0,1
603288923,0,0,1
419821440,0,0,1
66012539,1,0,0
43589656,1,0,0
18227863,1,0,0
2917043462,0,0,1
707439530,0,0,1
1705351248,1,0,0
2220439952,0,0,1
491378066,1,0,0
2719171241,1,0,0
18900611,0,0,1
126752520,1,0,0
183371499,1,0,0
70320929,1,0,0
285220177,0,0,1
237560826,0,0,1
949084082,0,0,1
348696966,0,0,1
630884004,1,0,0
732401514,1,0,0
830161388,1,0,0
317755985,1,0,0
331470880,0,1,0
61506959,0,0,1
1109792076,0,0,1
483438125,0,1,0
22267896,0,0,1
28063899,0,0,1
477012624,0,1,0
24363161,1,0,0
2376349416,0,0,1
115616695,1,0,0
3070359674,0,1,0
382474591,0,1,0
1143408344,1,0,0
2973379548,0,0,1
413200797,0,0,1
1286332284,0,0,1
38773826,0,1,0
3326000799,0,0,1
47040266,0,0,1
190750625,0,1,0
270590665,0,0,1
255813304,0,0,1
170585166,0,0,1
116519103,0,0,1
353899159,1,0,0
1486413992,0,1,0
584939092,0,0,1
2463881473,0,1,0
2396669919,1,0,0
92914740,1,0,0
1591988768,1,0,0
1881476942,0,1,0
15142454,1,0,0
3397441445,1,0,0
2871173833,1,0,0
1490607793,0,1,0
3220868558,1,0,0
212433118,0,1,0
1918177604,0,1,0
322435482,0,1,0
1931667091,0,1,0
561580813,0,0,1
118756393,1,0,0
26350899,1,0,0
636456033,0,0,1
2251023648,0,0,1
630598940,0,0,1
2316087554,0,0,1
1594375236,0,0,1
930495290,0,0,1
284847270,0,0,1
1146822367,0,1,0
109838877,0,0,1
1113965466,0,0,1
569642766,0,1,0
2366871775,1,0,0
220235892,1,0,0
100177904,0,0,1
113878793,0,0,1
1113534697,0,0,1
339493436,0,0,1
62567415,0,1,0
24249406,0,1,0
336913600,0,1,0
35095233,0,0,1
372685688,0,0,1
76308525,0,0,1
1029869232,0,0,1
2871969192,0,1,0
388628945,1,0,0
2533446973,1,0,0
428775538,0,0,1
755384378,1,0,0
1623959108,0,0,1
285788812,0,0,1
906773040,0,0,1
209173275,0,0,1
273466481,1,0,0
313953108,1,0,0
364404424,0,0,1
161431925,0,1,0
1964868121,1,0,0
239874071,0,0,1
355161670,1,0,0
26890935,1,0,0
165148496,0,0,1
451807166,1,0,0
19591605,0,0,1
156741979,0,0,1
523519010,0,0,1
536889795,1,0,0
404530291,0,0,1
21893510,1,0,0
175884760,1,0,0
911026026,0,1,0
174712339,0,0,1
256889344,1,0,0
14555468,0,0,1
490770661,1,0,0
928301593,0,0,1
264247562,0,1,0
282348664,0,0,1
145835557,1,0,0
207657166,0,0,1
286116828,1,0,0
82283305,0,0,1
44488557,1,0,0
81301518,1,0,0
194414107,1,0,0
113395446,0,0,1
60408655,1,0,0
303982121,0,0,1
42737623,0,1,0
208705303,1,0,0
379292000,1,0,0
626368392,0,0,1
364548183,0,1,0
50747606,0,0,1
304535463,0,0,1
357631658,0,0,1
561267334,0,0,1
265030686,0,0,1
723326754,1,0,0
1087639302,0,0,1
534821598,0,0,1
121048040,1,0,0
162351280,1,0,0
976980246,0,0,1
256050991,0,0,1
3073546480,0,1,0
258901927,1,0,0
1430688378,1,0,0
966565135,0,1,0
570060617,0,0,1
487655567,1,0,0
176309867,0,0,1
165975976,1,0,0
124653499,1,0,0
127331839,1,0,0
1330087196,0,0,1
497125351,0,0,1
17969856,0,0,1
1602698756,0,0,1
1177526838,0,0,1
271753649,1,0,0
62494347,1,0,0
837425582,0,0,1
776943624,0,0,1
320437832,0,0,1
596755246,0,0,1
1404019248,0,0,1
329121266,0,0,1
33598398,0,0,1
1031835330,0,0,1
276125064,0,0,1
261308129,0,1,0
251137282,0,0,1
24286435,1,0,0
19674372,0,1,0
3242810430,0,0,1
33568001,0,0,1
2696944904,0,0,1
298406406,0,0,1
179971753,0,0,1
51132032,1,0,0
255358092,0,0,1
160145961,0,0,1
10485842,1,0,0
68141605,1,0,0
376913403,0,0,1
2902322483,1,0,0
31648874,0,0,1
3257009215,1,0,0
256623717,1,0,0
27979317,0,1,0
76699382,1,0,0
316378156,0,0,1
121438738,0,0,1
2430933295,1,0,0
111850487,0,0,1
282282392,1,0,0
856482630,0,0,1
122494677,1,0,0
326407217,1,0,0
338222911,0,0,1
2471854176,1,0,0
3050246118,1,0,0
609920308,0,0,1
276684161,0,0,1
211665893,0,0,1
616385977,1,0,0
2173638584,1,0,0
160612059,0,0,1
103470279,1,0,0
110298192,1,0,0
160187027,0,0,1
2999683417,1,0,0
3411347387,1,0,0
1113322826,0,0,1
845268686,0,0,1
130812995,1,0,0
1596569965,0,0,1
1093601509,1,0,0
100161961,0,0,1
78109891,0,1,0
323842809,0,0,1
272059527,1,0,0
231228895,0,0,1
38677141,0,1,0
1323648854,0,0,1
314488421,0,0,1
1170769945,1,0,0
2975458371,0,0,1
18700885,0,1,0
1070929081,0,1,0
2707063844,1,0,0
19529077,0,0,1
74861467,0,1,0
395020989,0,0,1
574783849,0,0,1
572012570,1,0,0
123639279,0,1,0
871614181,1,0,0
141574986,0,0,1
2666581428,1,0,0
204504677,0,1,0
23975441,1,0,0
624133684,0,0,1
298959871,0,0,1
948010146,0,0,1
263475094,1,0,0
1271662676,0,0,1
1470033961,0,0,1
3092632649,0,1,0
42653118,0,0,1
303923648,1,0,0
288891676,1,0,0
171277201,0,0,1
58894557,0,0,1
266554573,0,0,1
38228815,0,0,1
195497763,1,0,0
340502509,0,0,1
2881805116,0,0,1
421069488,1,0,0
40302738,1,0,0
519211043,0,0,1
2761835474,1,0,0
2556131490,0,0,1
28871889,0,0,1
93254434,0,0,1
3120809873,1,0,0
1586187752,0,0,1
15469563,1,0,0
492812868,0,1,0
21776494,0,0,1
554487992,1,0,0
528854230,0,1,0
3002123899,1,0,0
14337866,0,0,1
538741704,1,0,0
557276077,0,0,1
525312787,0,0,1
56200274,1,0,0
987112220,0,1,0
1202641638,0,0,1
1857408002,1,0,0
481906727,1,0,0
19112732,0,0,1
256824294,0,0,1
352718305,1,0,0
435408673,1,0,0
25189670,0,0,1
614070660,0,0,1
439291006,1,0,0
159765086,0,0,1
186598939,0,0,1
880577234,0,0,1
21975766,1,0,0
950337319,0,0,1
1452929844,0,1,0
23624133,0,0,1
211810106,1,0,0
1214231131,0,0,1
227773092,0,0,1
2306576920,1,0,0
61528723,0,1,0
18065209,0,1,0
2362922684,1,0,0
334995850,0,0,1
3300989510,0,1,0
2691535699,1,0,0
20909646,1,0,0
25089830,1,0,0
2448167660,0,0,1
1450956372,1,0,0
3297252385,1,0,0
440345429,0,1,0
21580279,1,0,0
534284832,1,0,0
325142397,1,0,0
177183723,0,0,1
2230646591,0,1,0
212193169,1,0,0
2302027998,0,0,1
1941509815,1,0,0
103450687,0,0,1
2286799626,1,0,0
16976171,1,0,0
614619738,0,0,1
2739544210,1,0,0
1329153169,0,0,1
2752810048,0,1,0
313239026,0,0,1
145018231,0,0,1
612570890,1,0,0
150939216,0,0,1
2323585579,0,0,1
45699259,0,1,0
1695426985,0,0,1
25904751,0,1,0
524864929,0,1,0
31297394,0,0,1
1098517285,1,0,0
362605035,0,0,1
129308326,0,0,1
1396022551,0,0,1
446172231,0,0,1
704015105,0,0,1
393693291,0,0,1
14631482,0,0,1
2435892018,1,0,0
297174406,1,0,0
2899973910,1,0,0
2397307471,1,0,0
335627491,1,0,0
1217013692,0,0,1
173990648,0,0,1
178308458,1,0,0
1102391137,0,0,1
69657327,0,1,0
347604029,0,0,1
37881587,0,0,1
1687225008,0,0,1
2792386723,0,0,1
179065185,0,1,0
862154762,0,0,1
20791881,1,0,0
35916643,0,0,1
17894299,0,0,1
2245965405,0,0,1
111972221,0,1,0
261415949,0,1,0
190074321,1,0,0
22578537,1,0,0
152488770,1,0,0
88628518,0,1,0
430214517,1,0,0
46961481,1,0,0
564073802,1,0,0
18454407,0,0,1
470561229,0,0,1
2257928192,1,0,0
2220722691,1,0,0
2259237812,1,0,0
35238566,0,0,1
253283120,0,0,1
281717712,0,1,0
204004148,0,0,1
164466609,1,0,0
737900496,0,0,1
887850037,1,0,0
28158298,0,0,1
15123081,1,0,0
741740294,1,0,0
954716700,0,0,1
18069891,0,0,1
574938068,0,0,1
40552321,1,0,0
90084099,1,0,0
1643698200,1,0,0
1214568092,0,1,0
307528286,1,0,0
495392109,1,0,0
889263163,0,0,1
358924296,1,0,0
26694830,1,0,0
3173315655,0,0,1
2288239006,1,0,0
97447063,0,0,1
1260542221,0,1,0
38772706,0,1,0
448559141,0,0,1
94284137,0,0,1
431439944,1,0,0
54378848,0,0,1
297173148,1,0,0
255976489,0,1,0
373903618,1,0,0
596021008,1,0,0
187679329,0,0,1
2227507232,1,0,0
107258882,0,0,1
131482972,1,0,0
28330509,0,0,1
1283727306,0,1,0
33436181,0,0,1
406311933,1,0,0
1470797274,1,0,0
253906287,0,0,1
142016557,1,0,0
93260405,0,0,1
17181061,1,0,0
1294339754,0,0,1
20875594,1,0,0
19017272,0,0,1
388179511,0,1,0
1357186406,1,0,0
79185611,1,0,0
32359045,0,0,1
1485575334,1,0,0
445204629,1,0,0
365566115,0,0,1
218334344,0,1,0
268404223,1,0,0
394236644,1,0,0
19759359,1,0,0
270565640,0,0,1
39044576,1,0,0
553656605,0,0,1
273371840,1,0,0
33085320,1,0,0
3028093945,0,1,0
460182548,1,0,0
437607698,0,0,1
3100125196,0,0,1
92952721,0,0,1
337050608,0,0,1
2205881095,1,0,0
51764899,0,1,0
36888916,0,0,1
1440547105,1,0,0
267261728,1,0,0
1351026902,0,0,1
2155463198,1,0,0
15470530,1,0,0
278190555,0,0,1
634566418,0,1,0
524944765,1,0,0
446502794,0,0,1
149173879,0,0,1
2395660975,0,1,0
575708106,0,0,1
148737078,0,0,1
1212017660,0,0,1
2150356645,1,0,0
102534194,0,0,1
2231547787,0,0,1
115939630,0,0,1
16551971,1,0,0
1115033718,0,0,1
190342435,0,0,1
109070002,0,0,1
14427789,0,0,1
2950732015,0,0,1
39399969,0,0,1
356620220,1,0,0
1656185204,0,0,1
198646793,0,0,1
2902962555,1,0,0
3240089412,1,0,0
1289667398,0,0,1
57823106,1,0,0
317523658,1,0,0
3062110430,0,1,0
269878300,1,0,0
75046944,1,0,0
1646661752,1,0,0
153490076,1,0,0
2300148020,0,0,1
2245612906,1,0,0
369487092,0,0,1
388448754,0,1,0
38816871,1,0,0
750059276,0,0,1
14121993,0,0,1
125658993,0,1,0
167944689,1,0,0
1446908335,0,0,1
18121805,1,0,0
456262876,0,1,0
1713968510,1,0,0
114639715,1,0,0
856344404,0,1,0
371101047,1,0,0
1136283276,0,1,0
322335923,0,0,1
169558742,1,0,0
1636155074,0,0,1
20944031,1,0,0
158910670,1,0,0
391570787,0,0,1
1727337300,1,0,0
274568086,0,0,1
1651399364,0,1,0
97910437,0,0,1
24106555,0,1,0
136842204,0,0,1
162748846,0,0,1
761572692,1,0,0
1109977884,0,0,1
342348938,1,0,0
602201627,0,0,1
454410587,0,1,0
411272604,0,1,0
3233058074,1,0,0
3310096188,0,0,1
1606452494,1,0,0
101580068,0,0,1
317964601,1,0,0
1515018110,0,1,0
19595652,1,0,0
1247552486,0,1,0
266309194,1,0,0
27872612,1,0,0
34523187,0,0,1
282866164,0,0,1
130355165,1,0,0
259629411,0,1,0
2212285901,1,0,0
176589791,1,0,0
21508746,0,0,1
924323678,1,0,0
217018416,0,0,1
21531652,0,0,1
37045721,0,1,0
841043448,1,0,0
391136305,1,0,0
129655854,0,0,1
342848871,0,0,1
1293002990,0,0,1
1239880238,0,0,1
850291904,0,1,0
447906419,0,0,1
19878062,1,0,0
2882459696,1,0,0
226775044,1,0,0
106328049,0,0,1
1672380746,1,0,0
270601114,1,0,0
40519218,1,0,0
3246544947,0,0,1
223125116,0,1,0
736747374,0,0,1
2360209190,0,1,0
1241679494,1,0,0
16845208,0,1,0
1701539119,0,1,0
73764556,0,1,0
64566482,0,1,0
2474381450,1,0,0
324683692,0,0,1
772625798,1,0,0
14182965,0,0,1
148081785,1,0,0
1248939037,1,0,0
721221872,0,0,1
1704493974,1,0,0
136728022,0,0,1
44554609,0,0,1
371397217,1,0,0
49914840,0,0,1
632050643,1,0,0
18858249,0,0,1
191854656,0,0,1
605142718,0,1,0
22199120,0,0,1
1539151243,1,0,0
304830077,0,0,1
1148888628,0,1,0
115246929,1,0,0
837670040,0,0,1
2228556655,0,1,0
462521848,1,0,0
298432756,1,0,0
1161395672,0,0,1
108759084,0,0,1
21135709,1,0,0
54186784,0,0,1
598690381,1,0,0
412652888,1,0,0
424534874,0,1,0
209606552,0,0,1
36195824,1,0,0
570875450,0,0,1
531919541,1,0,0
1157743178,1,0,0
267179414,1,0,0
637282134,0,0,1
2322845911,0,0,1
63294923,1,0,0
38881529,0,0,1
312948697,0,0,1
16053405,1,0,0
576620500,0,1,0
1543753345,1,0,0
758222036,1,0,0
1423564507,0,1,0
273548400,0,0,1
183240374,1,0,0
127112403,0,0,1
256578814,0,1,0
32605756,1,0,0
74798397,0,0,1
20874418,1,0,0
2873239504,0,0,1
118893622,1,0,0
2742294019,1,0,0
786708296,0,0,1
337364260,1,0,0
794033822,0,1,0
226812628,0,0,1
724202912,0,0,1
634727052,0,0,1
931079300,0,0,1
611250212,0,0,1
240505113,1,0,0
1077800918,0,0,1
2259927444,1,0,0
1604781860,1,0,0
47719622,0,0,1
466733858,0,1,0
2775807102,0,0,1
599950735,0,0,1
30994813,0,0,1
265005553,1,0,0
592959043,0,0,1
88392349,1,0,0
332892110,1,0,0
320934167,0,1,0
312372477,0,0,1
360284261,0,0,1
40345968,0,0,1
352310937,0,0,1
67486259,0,1,0
203211672,1,0,0
1433340152,1,0,0
42596604,0,0,1
99418577,1,0,0
487718304,0,1,0
31377210,1,0,0
277012735,0,0,1
22380942,1,0,0
3020100971,1,0,0
563151191,1,0,0
14761259,0,0,1
1445509646,0,0,1
943483010,0,0,1
544592886,0,0,1
91913196,0,0,1
358396765,0,0,1
229361981,0,0,1
1389985076,0,0,1
27886879,1,0,0
2864999471,0,0,1
97909472,0,1,0
418157048,0,0,1
77418156,0,0,1
225883322,0,1,0
1455298262,1,0,0
14102436,0,0,1
1413270283,1,0,0
1431685662,1,0,0
29548792,0,0,1
13252292,0,1,0
391684100,0,0,1
108114367,0,0,1
42337405,0,1,0
499257801,1,0,0
64753151,1,0,0
562284174,1,0,0
289647752,0,0,1
2213953549,1,0,0
22629387,0,0,1
405934770,0,0,1
383583837,0,0,1
24202701,0,0,1
278380964,0,0,1
1266470294,0,0,1
178636590,1,0,0
1211026364,1,0,0
183552771,1,0,0
102666771,0,0,1
2873300460,1,0,0
46885402,0,0,1
2571205990,0,0,1
712934244,0,1,0
1729738111,0,0,1
126575528,0,0,1
253577148,0,0,1
237707572,0,0,1
59246300,1,0,0
186586956,1,0,0
318013660,0,0,1
147352752,0,0,1
2919498135,1,0,0
2185254841,1,0,0
601771328,0,0,1
23951792,0,1,0
1020769633,1,0,0
589582794,0,1,0
2196363206,1,0,0
15581235,1,0,0
940842739,0,0,1
2671954273,1,0,0
221285867,0,0,1
493538443,1,0,0
66848520,0,0,1
257706916,1,0,0
2729413091,1,0,0
614209607,0,0,1
2521993657,1,0,0
1542243349,1,0,0
1366332462,0,0,1
426317252,0,1,0
146878561,0,1,0
29709914,0,0,1
348639750,1,0,0
537003696,0,0,1
191218773,0,1,0
367169862,1,0,0
78021630,1,0,0
72681285,0,0,1
219186589,0,0,1
29902420,1,0,0
1176966145,1,0,0
372377201,1,0,0
235326285,1,0,0
74054308,0,0,1
32045005,0,0,1
546354431,0,0,1
287180357,0,0,1
1101662618,1,0,0
165340103,0,0,1
1975751172,1,0,0
57676376,1,0,0
1306168194,1,0,0
322176829,0,0,1
192694197,0,0,1
16730340,0,0,1
47797835,1,0,0
274127134,1,0,0
3291585976,0,0,1
30077001,0,1,0
330436310,1,0,0
111637825,0,0,1
189535035,1,0,0
15844691,1,0,0
389652491,0,0,1
2838568118,0,1,0
21430449,1,0,0
289879993,0,0,1
451051774,1,0,0
732024222,1,0,0
3072070903,1,0,0
50242721,1,0,0
116941968,0,1,0
892468237,0,1,0
364004165,0,0,1
911103973,1,0,0
1005593900,0,1,0
462284772,0,0,1
739004545,0,0,1
94277695,0,0,1
21304834,0,1,0
286542765,1,0,0
211838312,0,0,1
921336398,0,0,1
397464131,1,0,0
41405774,0,0,1
64188453,0,1,0
549526387,0,0,1
51121437,1,0,0
930327924,0,1,0
385166704,0,1,0
241673669,0,1,0
119044779,0,0,1
33985184,1,0,0
55631338,0,0,1
48649912,1,0,0
149225954,0,1,0
286638142,0,0,1
1228455678,0,0,1
723203551,0,0,1
36826782,0,1,0
518523238,1,0,0
380467764,0,1,0
771287893,0,0,1
2908573411,0,1,0
2166024394,0,0,1
403385906,1,0,0
388139331,1,0,0
14336933,1,0,0
31195431,1,0,0
811237176,0,0,1
2968981859,0,0,1
706529955,1,0,0
242555999,0,0,1
509422232,0,0,1
16668496,0,0,1
294573756,1,0,0
1445288270,0,0,1
2399157234,0,1,0
2403281344,0,0,1
1276547826,0,1,0
242114498,0,0,1
506918300,0,0,1
18996276,0,0,1
83649491,0,0,1
3243262776,1,0,0
2188781070,0,0,1
592134623,1,0,0
2309722029,1,0,0
2385653480,1,0,0
2469616970,0,0,1
789572700,0,0,1
610027734,0,1,0
2865184264,0,1,0
1268917868,0,0,1
2462268546,0,0,1
2347662265,0,1,0
34295741,1,0,0
3295827743,1,0,0
25416700,1,0,0
89129729,1,0,0
291539909,1,0,0
1904501748,0,0,1
73187351,1,0,0
292915903,1,0,0
1446774114,1,0,0
780878790,0,0,1
44360973,0,0,1
29870901,1,0,0
166259352,1,0,0
58275648,0,0,1
2382814628,0,1,0
336234945,1,0,0
261327879,1,0,0
26424269,0,0,1
1126732254,1,0,0
22971844,0,0,1
28722661,0,0,1
17377500,0,0,1
1903216034,1,0,0
290835867,1,0,0
3282310735,1,0,0
244277737,0,0,1
117077316,0,0,1
1130044850,0,0,1
223607214,0,0,1
276665056,0,0,1
22563456,0,0,1
1019465208,0,0,1
724078885,0,0,1
90735750,0,1,0
18295124,0,1,0
24505368,1,0,0
347506891,1,0,0
39995831,1,0,0
21874903,1,0,0
43756597,0,0,1
213062134,0,0,1
1859268650,0,1,0
400862564,0,0,1
1199119076,0,1,0
19597325,1,0,0
3226725211,1,0,0
498588246,0,0,1
43384928,0,0,1
881722550,1,0,0
258946200,0,0,1
171615393,0,1,0
152636148,1,0,0
2827300296,0,0,1
307758330,1,0,0
111986800,1,0,0
1012041372,1,0,0
293192874,1,0,0
72291776,0,0,1
2466076006,0,1,0
65431969,0,0,1
18485160,0,0,1
18107674,1,0,0
715968774,1,0,0
199653430,0,0,1
56319607,0,0,1
322786990,0,0,1
16585965,1,0,0
2556625968,1,0,0
64258369,1,0,0
239202694,0,1,0
20692307,0,0,1
85334032,1,0,0
17743120,0,1,0
1463355367,1,0,0
286287798,0,0,1
277253653,1,0,0
354621137,1,0,0
2557791134,1,0,0
494174817,0,0,1
531424464,0,0,1
68236467,0,0,1
540267928,1,0,0
71520971,1,0,0
26257292,0,0,1
59250163,1,0,0
15483720,1,0,0
1428905864,0,0,1
603165521,1,0,0
173589799,1,0,0
1213267536,0,0,1
865553582,1,0,0
310382667,0,1,0
502442856,0,1,0
593962428,0,0,1
595133308,0,0,1
170314962,1,0,0
398975545,0,0,1
913871762,0,1,0
287422749,0,0,1
600377566,0,0,1
466020403,0,0,1
2290534724,1,0,0
185915184,0,0,1
340284650,0,1,0
167591444,0,0,1
2380877154,1,0,0
544539878,1,0,0
363938361,1,0,0
2331417412,0,0,1
2950008195,1,0,0
18007671,1,0,0
81229362,0,0,1
37137258,0,0,1
307121607,1,0,0
187121072,0,0,1
209963696,0,1,0
49041241,1,0,0
243828715,1,0,0
563384490,1,0,0
238281139,1,0,0
469727949,0,0,1
532111271,0,0,1
478830892,0,0,1
953978984,1,0,0
70930236,1,0,0
187586884,0,0,1
2546811231,1,0,0
1622766518,0,0,1
393915612,0,0,1
3304751413,1,0,0
522053336,0,0,1
306073064,1,0,0
193990323,1,0,0
33037434,0,0,1
342136851,1,0,0
15962871,0,0,1
724208274,0,0,1
2499898469,0,1,0
2482807029,1,0,0
384536548,1,0,0
3312403959,1,0,0
157715900,0,0,1
326489343,1,0,0
11423342,1,0,0
3245709051,1,0,0
166349606,0,1,0
1479923652,1,0,0
46937550,0,1,0
613553505,1,0,0
365839697,0,1,0
1380109026,1,0,0
574931378,1,0,0
21351461,1,0,0
770170790,0,0,1
64100215,1,0,0
1371171008,0,0,1
954362575,0,0,1
828133003,0,1,0
498143897,1,0,0
741671701,0,0,1
2159302424,1,0,0
2415275552,1,0,0
1720026492,1,0,0
1308494282,1,0,0
13209002,1,0,0
344462489,1,0,0
425310081,0,0,1
268175919,0,1,0
234719019,1,0,0
2973995701,0,1,0
3413954915,0,0,1
21236505,1,0,0
47789095,0,0,1
51757406,1,0,0
177332789,0,0,1
342394823,1,0,0
1665304448,1,0,0
416273943,0,1,0
420794536,1,0,0
280053978,1,0,0
633709105,0,0,1
1676528976,1,0,0
2838550232,0,1,0
852278420,0,0,1
504059244,0,1,0
1705128697,1,0,0
17512666,0,0,1
419821073,1,0,0
1433505613,1,0,0
2436303290,1,0,0
32718689,0,0,1
470771993,0,0,1
1665565423,1,0,0
159668037,1,0,0
2585452570,0,0,1
21336479,0,0,1
363744039,1,0,0
87048572,1,0,0
52597437,0,0,1
108213931,0,1,0
908295685,0,1,0
390318508,1,0,0
57837430,1,0,0
233345141,1,0,0
2743861669,1,0,0
434784677,1,0,0
1941486012,0,0,1
346376443,1,0,0
312733812,0,0,1
377037409,0,1,0
574661425,0,0,1
542995240,0,0,1
604416587,0,0,1
1078317456,1,0,0
28687312,0,0,1
229561774,1,0,0
423630758,1,0,0
276545760,1,0,0
35080380,1,0,0
315862732,0,0,1
349881900,1,0,0
3131215703,1,0,0
18278555,0,0,1
382867850,0,1,0
114168888,0,0,1
49194264,0,0,1
2879377234,1,0,0
364855336,0,1,0
2353026782,1,0,0
17896281,1,0,0
507877542,0,0,1
271515711,1,0,0
2374127162,1,0,0
392832288,0,1,0
2327354335,0,0,1
19008625,1,0,0
1122828847,0,0,1
2572093711,0,1,0
281210217,1,0,0
487573844,1,0,0
46378350,1,0,0
1120933350,0,0,1
1632156686,0,0,1
30559715,0,0,1
434130489,0,0,1
487161633,0,1,0
122687882,1,0,0
256724998,1,0,0
245880654,1,0,0
1514099083,1,0,0
15091366,1,0,0
268854244,0,0,1
118766205,0,0,1
1909229161,0,0,1
47546214,0,1,0
2320103590,1,0,0
485956432,0,1,0
32902496,0,0,1
124213089,0,1,0
205016252,0,0,1
545435622,0,0,1
775637,1,0,0
42653130,0,0,1
1118072142,0,0,1
82176785,1,0,0
630924365,0,1,0
26350459,0,0,1
2177116111,0,0,1
3028100593,0,1,0
57901884,1,0,0
1639083062,0,1,0
223561917,1,0,0
593856788,1,0,0
1680097662,1,0,0
625969711,0,0,1
316699811,0,0,1
453692658,1,0,0
77412511,0,1,0
364022115,1,0,0
1036212224,0,0,1
97080380,1,0,0
582097858,0,0,1
945269972,0,0,1
65128143,0,0,1
14222289,1,0,0
136256204,0,0,1
96011694,0,1,0
461475874,0,0,1
26694653,0,1,0
715741568,1,0,0
316856180,1,0,0
209684151,1,0,0
2216023844,0,1,0
20743188,0,0,1
92013892,1,0,0
110145430,0,0,1
137900823,0,1,0
320065459,1,0,0
392424707,0,1,0
2393529088,0,0,1
946131236,1,0,0
124688304,1,0,0
451049838,0,1,0
83405371,0,0,1
13203572,1,0,0
1245270313,1,0,0
1452916886,1,0,0
610360303,0,0,1
2924964883,0,0,1
2897597808,0,0,1
22442865,0,1,0
55332329,0,1,0
174423841,1,0,0
284165317,0,0,1
349326966,1,0,0
1070310877,0,0,1
2182641,1,0,0
2263648022,1,0,0
120619652,1,0,0
2363051888,1,0,0
107252407,1,0,0
17991436,1,0,0
265535940,1,0,0
210241211,0,1,0
52022251,0,0,1
521863171,1,0,0
2488717561,1,0,0
122964575,0,0,1
313787878,1,0,0
425440435,0,1,0
491502922,0,0,1
261217196,0,0,1
421398049,0,0,1
1644085141,0,1,0
350931134,0,0,1
476319155,0,0,1
2723877085,1,0,0
263551581,0,0,1
582973764,0,0,1
383172946,0,0,1
354643160,1,0,0
1482949886,1,0,0
581125154,0,0,1
1152519290,1,0,0
519848134,0,0,1
333728630,1,0,0
2585265530,0,1,0
504892492,0,1,0
3015647590,1,0,0
1343525286,1,0,0
19861989,0,1,0
346286899,1,0,0
39589622,1,0,0
2546460428,0,0,1
139239366,0,1,0
542668746,0,1,0
56544594,0,0,1
1049758544,0,0,1
280541068,0,0,1
58114546,1,0,0
547924136,0,1,0
35374134,1,0,0
2202048397,1,0,0
53605663,0,1,0
168957422,0,0,1
2229263032,0,0,1
2382434664,1,0,0
1146879547,0,1,0
108746006,1,0,0
468491466,0,0,1
712108422,0,0,1
1000901035,0,0,1
1060719572,0,0,1
285092408,0,0,1
428516279,0,0,1
341705265,1,0,0
1272944905,0,1,0
121492309,1,0,0
25613292,1,0,0
107719956,0,0,1
3125056063,1,0,0
5715132,0,0,1
303994260,0,0,1
923146236,0,1,0
1969537892,1,0,0
14661000,1,0,0
559793858,1,0,0
973123058,0,0,1
183570810,0,1,0
3186380120,1,0,0
30990851,0,0,1
46107638,1,0,0
394169598,0,0,1
124590344,0,0,1
106253834,1,0,0
1450803680,0,0,1
37345757,0,0,1
2251052341,0,1,0
397153405,1,0,0
360553728,0,1,0
417336500,1,0,0
376401190,0,0,1
1535222276,1,0,0
2214956648,1,0,0
87011658,0,1,0
477575003,0,0,1
24061092,0,0,1
34339134,1,0,0
477892950,1,0,0
514215977,0,1,0
422557065,0,1,0
842353909,1,0,0
25266741,1,0,0
368706420,0,0,1
285803345,0,0,1
21875246,0,1,0
256497288,1,0,0
590935241,0,0,1
403996946,1,0,0
624626547,0,0,1
129119521,0,0,1
130777685,1,0,0
180717062,1,0,0
3222839803,1,0,0
255912299,0,0,1
2432075530,0,0,1
2531408612,0,1,0
541102618,1,0,0
386621849,1,0,0
759687697,0,0,1
277549278,0,0,1
166620481,0,0,1
388731085,0,1,0
1301761351,0,0,1
129087406,1,0,0
817983440,0,0,1
22471234,0,0,1
120591475,0,0,1
86175920,0,0,1
2365344671,1,0,0
377664960,0,0,1
247680956,0,0,1
457319858,0,1,0
65806496,0,0,1
759258734,0,1,0
92160740,1,0,0
493424968,0,0,1
354923920,1,0,0
122861214,0,0,1
1013948617,0,0,1
3002783376,1,0,0
1460489276,1,0,0
203133864,1,0,0
24322799,1,0,0
341667860,0,0,1
185139291,1,0,0
79079587,0,1,0
83997957,0,0,1
36195597,0,0,1
35842924,0,0,1
140169359,1,0,0
86914632,0,0,1
1771425198,1,0,0
248882283,0,1,0
130746256,1,0,0
40353814,1,0,0
834390762,0,0,1
2611863592,0,1,0
74234565,1,0,0
1679336222,0,0,1
612729832,1,0,0
24185694,1,0,0
174006600,0,0,1
198878944,0,0,1
182432986,0,0,1
30009280,0,0,1
57006550,0,0,1
725692868,0,0,1
141871741,0,0,1
1623853170,0,1,0
38016553,1,0,0
191712434,1,0,0
568595527,1,0,0
493544370,0,0,1
572901192,0,0,1
1678037100,0,0,1
2156366956,0,0,1
571152934,0,0,1
2241310147,0,0,1
2518351935,1,0,0
2481110706,0,1,0
796351736,0,0,1
1920339434,0,1,0
924999458,0,1,0
246509334,0,1,0
1542610855,0,0,1
2895599277,1,0,0
246654499,1,0,0
1241747161,1,0,0
183288500,0,0,1
101091383,1,0,0
248515994,0,0,1
281374556,0,0,1
57093008,0,1,0
368316892,0,0,1
373034113,1,0,0
1553649192,1,0,0
290009393,0,0,1
19954760,0,1,0
429474801,0,1,0
520657075,1,0,0
539404676,0,0,1
10540152,1,0,0
101911709,1,0,0
146165667,1,0,0
239617733,1,0,0
33231030,1,0,0
157437490,1,0,0
153602387,0,0,1
496091211,1,0,0
134464638,1,0,0
1429096806,1,0,0
247362874,0,0,1
255175100,0,1,0
53839771,0,1,0
3118615899,1,0,0
178535216,1,0,0
790360316,0,1,0
32517167,1,0,0
2206151521,0,1,0
425034837,1,0,0
26548623,0,1,0
405835009,0,1,0
26414666,1,0,0
153257256,0,0,1
256144267,0,1,0
1654477603,1,0,0
1961283949,1,0,0
228016486,1,0,0
179685133,1,0,0
444215268,0,0,1
29363803,1,0,0
536904865,1,0,0
330680130,0,0,1
544979777,0,1,0
26149490,0,0,1
90974019,0,0,1
805786483,1,0,0
1959602767,0,0,1
955154888,0,0,1
441135790,0,0,1
2193460688,1,0,0
113086732,1,0,0
362640801,0,0,1
1514131939,1,0,0
921629581,0,0,1
426064133,0,0,1
589470152,0,0,1
38039368,0,0,1
53214969,0,0,1
301284963,0,0,1
207217607,0,0,1
16043992,1,0,0
378915016,0,0,1
34375899,1,0,0
2202002441,0,0,1
507135952,1,0,0
45792852,0,0,1
301761810,1,0,0
22257122,0,0,1
43905007,0,0,1
1516163888,1,0,0
1575842712,0,0,1
14110925,0,1,0
36389816,1,0,0
412156388,1,0,0
334957216,1,0,0
109594780,0,1,0
870337963,1,0,0
259196746,1,0,0
21416681,1,0,0
398866040,0,1,0
214409636,0,1,0
527519368,0,0,1
3301214152,1,0,0
630491047,0,0,1
861312746,0,0,1
511884891,0,1,0
5520482,0,0,1
73381558,1,0,0
32213993,1,0,0
1870129177,0,0,1
864030080,0,0,1
35587026,1,0,0
484145937,1,0,0
3312190983,1,0,0
2428981820,0,0,1
2450140638,0,0,1
2408375251,0,1,0
306413835,1,0,0
246768592,0,0,1
80170281,0,0,1
317912442,0,0,1
1384419098,0,1,0
56392532,0,0,1
53209605,0,0,1
723594468,0,1,0
955311169,0,0,1
566357241,0,0,1
23968363,1,0,0
106174003,0,0,1
59578542,0,0,1
46510321,0,1,0
199356366,0,0,1
64111410,0,0,1
105387463,1,0,0
900424638,0,0,1
277380022,0,0,1
522632901,1,0,0
167023025,1,0,0
2173709088,0,1,0
1144162824,0,1,0
410039689,1,0,0
1746503880,0,0,1
2549615713,1,0,0
259528371,0,0,1
471433809,0,0,1
2151888037,0,1,0
15685705,0,0,1
34789284,0,0,1
59819629,1,0,0
104043812,1,0,0
117303448,0,0,1
386191219,0,0,1
40683025,1,0,0
465681802,0,0,1
1961664325,1,0,0
212237808,0,0,1
2168668249,1,0,0
44832582,1,0,0
384493964,0,0,1
168520344,0,0,1
325192873,1,0,0
20892075,0,0,1
96290646,0,1,0
2251330917,0,1,0
418777834,0,0,1
487291579,0,0,1
439326375,0,0,1
50286477,0,0,1
1354598798,1,0,0
2566166371,1,0,0
28087451,0,1,0
332894696,0,1,0
26632745,1,0,0
983269646,0,0,1
380555729,1,0,0
564037516,1,0,0
28300439,1,0,0
461611517,0,1,0
17271902,1,0,0
19808699,1,0,0
195824807,0,0,1
324025496,0,0,1
341556501,0,1,0
434060815,0,0,1
980945628,0,0,1
980319763,0,1,0
1582646400,0,0,1
20161389,0,0,1
520126562,1,0,0
2776711573,0,0,1
11339662,1,0,0
912152480,1,0,0
167529306,1,0,0
430555322,0,1,0
150091319,1,0,0
240042038,1,0,0
565688361,0,0,1
2281246248,1,0,0
473237465,1,0,0
127421211,0,0,1
20434509,1,0,0
1524663625,0,0,1
14127684,1,0,0
354386615,1,0,0
1101335660,1,0,0
34562191,0,1,0
70763568,0,0,1
929357119,0,0,1
38104557,0,0,1
18907166,1,0,0
1215862682,0,1,0
82398618,1,0,0
55496723,1,0,0
18370150,1,0,0
3010842853,0,0,1
76138665,1,0,0
28713420,0,0,1
936006380,1,0,0
100024711,0,0,1
179831730,1,0,0
10588142,0,1,0
2255488504,0,0,1
1327660082,0,0,1
23001581,0,0,1
245534324,0,0,1
348751658,1,0,0
145595928,0,0,1
319292111,1,0,0
277185929,0,0,1
199866720,0,0,1
300388485,1,0,0
165715996,0,0,1
20545614,1,0,0
90767831,1,0,0
2924595976,1,0,0
292030309,1,0,0
59292267,0,0,1
263965882,0,0,1
268981917,0,1,0
158569743,1,0,0
310348497,0,1,0
2736023167,0,1,0
273946225,1,0,0
2314672046,1,0,0
15977738,1,0,0
2874478150,1,0,0
942148699,1,0,0
970082881,1,0,0
99838681,0,1,0
25805455,0,0,1
723256148,1,0,0
348627707,0,0,1
3089798908,1,0,0
461460331,0,0,1
149388497,0,0,1
164159813,0,0,1
910913460,0,0,1
1423100556,1,0,0
2440884435,0,0,1
23781256,0,0,1
1059159716,0,0,1
471651582,1,0,0
1216667562,0,0,1
14662756,0,1,0
72002466,0,0,1
139173765,0,0,1
604225764,1,0,0
40206243,0,0,1
2830898767,1,0,0
398566451,0,0,1
85249263,1,0,0
2548332781,0,0,1
2169834448,0,0,1
1866658338,0,0,1
2957628729,1,0,0
56115455,0,0,1
19123095,1,0,0
94524828,1,0,0
1393669093,0,0,1
333889747,1,0,0
3030964224,0,0,1
47518192,1,0,0
142003449,1,0,0
156391395,1,0,0
837012624,0,0,1
829869685,0,0,1
41216470,0,0,1
37167875,1,0,0
27469271,0,0,1
461096266,1,0,0
203576807,1,0,0
620186434,0,0,1
183876092,0,0,1
233217623,0,1,0
722674153,0,0,1
464309014,0,0,1
2801163779,0,1,0
21808728,1,0,0
2490486057,1,0,0
1417840321,1,0,0
1962706111,1,0,0
14814736,0,0,1
1005771079,0,0,1
93852695,0,0,1
2504956099,0,0,1
471638442,0,1,0
94259696,1,0,0
3234944389,1,0,0
347028160,0,0,1
2817423022,1,0,0
237615097,1,0,0
932997006,0,0,1
1071514495,0,0,1
66770423,1,0,0
48535123,0,0,1
1395988128,1,0,0
1038939985,0,0,1
24415884,1,0,0
2872263859,0,1,0
545911977,0,0,1
596657297,1,0,0
265480415,0,0,1
2352079418,0,1,0
186896033,0,0,1
505227848,0,0,1
417433662,0,1,0
26439664,0,0,1
104714249,0,1,0
23445391,0,0,1
2538738156,1,0,0
45020738,0,1,0
724878763,0,0,1
324459095,0,1,0
483522067,1,0,0
1583451769,1,0,0
2595865716,1,0,0
1650934256,1,0,0
2449837697,1,0,0
304591391,0,0,1
81645970,1,0,0
222007169,1,0,0
427155965,1,0,0
255856279,0,1,0
3100010725,0,1,0
8714172,0,0,1
68367308,0,0,1
381932492,1,0,0
19712129,0,0,1
2204637974,0,0,1
61323960,0,1,0
2198246436,1,0,0
16423381,0,0,1
2754646207,0,0,1
428281801,0,0,1
2768092948,1,0,0
438735060,0,0,1
93262325,1,0,0
416636652,0,1,0
29922622,1,0,0
2535437704,0,0,1
1436579454,0,0,1
26736333,0,0,1
439364742,0,0,1
2350968954,0,1,0
3154894475,0,1,0
2941242881,1,0,0
133763894,1,0,0
1875153410,1,0,0
1041383874,1,0,0
2545931635,0,0,1
508331314,1,0,0
228445720,1,0,0
472614053,0,1,0
796988052,0,0,1
20681468,1,0,0
30328417,1,0,0
2190775674,1,0,0
321980548,0,0,1
2430868642,0,0,1
572932853,0,0,1
633476904,0,1,0
3287827418,0,0,1
342053618,1,0,0
799576075,0,0,1
774239431,0,1,0
359620853,0,1,0
17829574,1,0,0
236057111,0,1,0
42088170,0,0,1
1192875332,1,0,0
259379899,1,0,0
1025302050,0,0,1
895471082,1,0,0
174536213,0,0,1
215951747,0,0,1
99833723,1,0,0
2169761132,1,0,0
66624206,0,0,1
187527319,0,1,0
55616697,0,0,1
238310953,1,0,0
981343826,0,0,1
1625279611,1,0,0
9699312,1,0,0
255184391,1,0,0
263325210,0,0,1
1126642680,0,0,1
385126586,1,0,0
240830856,1,0,0
333716386,0,0,1
2194442475,1,0,0
453542086,1,0,0
331978480,1,0,0
235319491,0,0,1
311530197,1,0,0
219218486,1,0,0
190365482,0,1,0
1494744506,0,0,1
74568559,0,0,1
569307903,0,1,0
3087415804,0,0,1
388051760,0,0,1
202015474,1,0,0
349932090,1,0,0
381606137,0,0,1
1630685749,0,0,1
301509467,0,1,0
2826904124,1,0,0
22346957,0,1,0
116721103,1,0,0
183288056,1,0,0
378230701,0,1,0
1419611438,1,0,0
599064036,0,1,0
519851969,1,0,0
2363387924,0,1,0
359563594,1,0,0
110319603,1,0,0
53119982,1,0,0
121834894,1,0,0
631838840,1,0,0
1360169594,1,0,0
338416602,0,1,0
2170465407,0,0,1
19088546,1,0,0
584161247,0,1,0
1479959348,0,1,0
349867043,0,0,1
460864023,0,0,1
791905010,0,1,0
1052281165,1,0,0
30304531,0,1,0
16567652,1,0,0
2499315174,0,1,0
241402401,1,0,0
2475099117,1,0,0
14251419,0,0,1
339790305,1,0,0
78044321,0,1,0
3312847510,1,0,0
804186985,0,0,1
624216670,1,0,0
163461714,0,0,1
165890261,1,0,0
55972056,1,0,0
76770505,1,0,0
23889211,1,0,0
612457768,0,0,1
2362959734,0,0,1
354650732,0,0,1
2268071614,1,0,0
1716820506,0,0,1
1493992676,1,0,0
108868941,0,0,1
205656422,1,0,0
129484570,1,0,0
283917673,0,0,1
2918816996,0,0,1
141004163,1,0,0
296534124,1,0,0
2301168632,1,0,0
24164334,0,1,0
22252851,0,0,1
202297182,0,0,1
55432387,0,1,0
222238146,1,0,0
2746305334,1,0,0
785879940,1,0,0
316622480,0,1,0
398825867,0,1,0
2746281169,0,1,0
441489097,1,0,0
981266156,0,0,1
22357838,0,0,1
352706799,1,0,0
49876657,1,0,0
318351989,0,0,1
1699630543,0,0,1
143732943,0,0,1
1330992690,1,0,0
841284020,0,0,1
259525357,1,0,0
20396070,0,1,0
388021127,0,0,1
786550494,0,0,1
49531669,1,0,0
457479059,1,0,0
49448300,1,0,0
1243348267,0,0,1
2960756134,1,0,0
105382480,1,0,0
400560807,1,0,0
574780011,0,0,1
25343810,0,0,1
223027879,0,0,1
461310213,1,0,0
29573483,1,0,0
20065259,1,0,0
713446606,1,0,0
1534472382,0,1,0
1251742952,0,0,1
331926451,1,0,0
245830582,1,0,0
76827857,1,0,0
1850046541,0,0,1
65323306,1,0,0
348083218,0,0,1
463223061,0,0,1
267947275,1,0,0
261151117,0,0,1
395005704,1,0,0
517080198,1,0,0
71538554,1,0,0
466070295,1,0,0
70133171,0,1,0
112809837,0,0,1
58313722,1,0,0
105899322,0,1,0
955061838,1,0,0
53199931,0,0,1
298813221,0,1,0
1224917551,0,0,1
19128766,0,1,0
316802684,1,0,0
386305343,1,0,0
1581401814,1,0,0
37524845,1,0,0
2766655271,0,0,1
235217003,0,0,1
627214995,1,0,0
1281496687,1,0,0
372715852,0,0,1
178735494,1,0,0
991903717,0,0,1
515736402,1,0,0
120127734,1,0,0
1392170426,1,0,0
24399321,1,0,0
168053562,0,0,1
1293837572,0,0,1
67489466,1,0,0
46667807,0,1,0
256278599,0,1,0
5530002,0,1,0
2809938474,1,0,0
318850011,1,0,0
2174389147,0,1,0
2421031087,1,0,0
3191154309,0,1,0
454983087,0,0,1
2447601809,0,0,1
1858764012,0,0,1
38014437,1,0,0
589983202,0,1,0
986247517,0,1,0
47940917,0,0,1
302915042,0,0,1
1103695946,1,0,0
1862339628,1,0,0
104508448,1,0,0
40668779,1,0,0
1298244973,0,0,1
317854448,0,0,1
552062628,1,0,0
188105206,0,0,1
635900579,1,0,0
823003482,0,1,0
499231917,0,0,1
25534586,0,1,0
434619195,1,0,0
1071353539,1,0,0
233927307,0,0,1
16019709,0,0,1
69270986,0,1,0
116409576,0,1,0
2213413240,1,0,0
176606900,1,0,0
47416914,1,0,0
30458678,1,0,0
1617349045,1,0,0
310822502,1,0,0
190456802,0,1,0
1891855344,0,0,1
198878041,0,1,0
58537320,0,0,1
2500290805,0,0,1
35519340,0,0,1
131278700,0,1,0
258656467,0,0,1
2737703958,1,0,0
1726185788,1,0,0
767708497,0,1,0
947891960,0,0,1
73811277,0,0,1
3023454748,0,0,1
324439511,1,0,0
3128090566,1,0,0
620972234,0,0,1
1028323638,0,0,1
388543287,0,0,1
336620422,0,0,1
27233303,1,0,0
118314086,1,0,0
15996357,1,0,0
1514491100,1,0,0
289743076,1,0,0
14636132,1,0,0
153505151,1,0,0
1424234365,0,0,1
22438932,0,0,1
215912369,0,0,1
178426958,1,0,0
102468776,1,0,0
184864522,1,0,0
101933288,0,0,1
130207647,1,0,0
26228623,0,0,1
31559031,1,0,0
215486401,0,0,1
621396565,1,0,0
596913343,0,0,1
24731564,0,0,1
1870137715,1,0,0
1035851166,0,0,1
1155753576,0,1,0
277671812,0,0,1
400981882,0,1,0
408028095,0,0,1
42578728,0,0,1
72904247,0,1,0
1666293120,0,0,1
629743568,0,1,0
497067921,0,0,1
223882188,0,0,1
623925421,0,0,1
2888535423,1,0,0
224031786,0,0,1
935279881,1,0,0
1613835583,1,0,0
84079049,1,0,0
23792030,1,0,0
92992860,0,0,1
478473697,0,0,1
232898832,1,0,0
495402804,0,0,1
12108432,0,0,1
34767105,1,0,0
226790559,1,0,0
28772543,1,0,0
2264532697,1,0,0
2593904161,1,0,0
151652234,1,0,0
612339258,0,0,1
479923973,0,1,0
184371943,0,0,1
383944012,0,1,0
240489062,0,0,1
730218384,0,1,0
178357623,1,0,0
177212978,1,0,0
1534509121,1,0,0
30528805,1,0,0
3298660575,1,0,0
66309415,1,0,0
195286851,1,0,0
316963036,0,0,1
2428028828,1,0,0
1535773830,1,0,0
1328846466,1,0,0
14997189,1,0,0
14216497,0,0,1
149597395,1,0,0
531699236,1,0,0
1610107904,1,0,0
46236867,0,1,0
831410154,0,0,1
90604792,0,1,0
239882494,0,0,1
46826427,0,1,0
167277922,0,1,0
259035124,1,0,0
2871001972,0,0,1
16652030,1,0,0
102815653,1,0,0
1416817146,0,1,0
567134299,1,0,0
602265067,1,0,0
2471922870,1,0,0
22185301,0,0,1
554402185,1,0,0
103092219,1,0,0
1616068754,1,0,0
1346978539,1,0,0
457290861,0,1,0
87774057,1,0,0
40366350,0,1,0
227381114,1,0,0
1081511244,1,0,0
1709253950,0,1,0
1463081257,0,0,1
2474415440,1,0,0
174375894,1,0,0
46314756,1,0,0
120640103,1,0,0
13725192,0,0,1
110714393,0,1,0
30556890,0,0,1
146901447,1,0,0
344855599,0,0,1
317576103,1,0,0
1152352776,1,0,0
31209657,0,0,1
41423694,0,0,1
1469762838,1,0,0
450172713,1,0,0
629509696,0,0,1
1688438294,1,0,0
1284891439,0,0,1
766563360,0,0,1
55515608,0,1,0
220911060,0,1,0
153720515,0,0,1
378097906,0,0,1
1565214488,1,0,0
27629578,1,0,0
33805165,0,0,1
62404788,0,0,1
1280373626,0,0,1
312928916,0,1,0
463349373,0,0,1
2431435952,1,0,0
469770721,0,1,0
2497335109,1,0,0
1318439832,1,0,0
203124793,0,0,1
18184115,1,0,0
612503704,1,0,0
238283850,0,1,0
79402562,1,0,0
46703423,1,0,0
1357861320,1,0,0
533285123,1,0,0
40241854,0,0,1
52926212,0,0,1
51651098,0,1,0
58241684,0,0,1
1122309572,0,0,1
62704007,0,0,1
2645443011,1,0,0
491819806,1,0,0
390123394,0,0,1
351885454,0,1,0
162275651,0,0,1
186245610,0,1,0
69023644,0,0,1
335187042,0,0,1
68174078,1,0,0
1320977484,1,0,0
54709038,1,0,0
1274493138,0,0,1
217662361,0,0,1
14275165,1,0,0
259623636,1,0,0
70438925,1,0,0
310174430,0,0,1
45804321,0,0,1
195408738,0,0,1
255184273,1,0,0
52102999,0,0,1
180856318,0,0,1
758331042,1,0,0
2309499805,0,0,1
579699579,1,0,0
323562282,1,0,0
400613451,0,0,1
2891483578,0,0,1
301004705,0,0,1
57443366,1,0,0
2578992804,1,0,0
480480930,0,0,1
924358699,0,1,0
499014804,0,1,0
309561009,1,0,0
239504108,1,0,0
212047334,1,0,0
70935579,0,0,1
351071311,0,0,1
581208024,0,1,0
124256132,0,1,0
731486228,1,0,0
163024664,1,0,0
3172265306,0,0,1
1868456832,0,0,1
29671057,0,0,1
29914313,0,0,1
401845670,0,1,0
140086848,1,0,0
237188227,1,0,0
